Designator,Footprint,Quantity,Value,LCSC Part #
C1,1210,1,C,
C2,1206,1,C,
D1,LED_D3.0mm,1,LED,
"J1, J3",PinHeader_2x24_P2.54mm_Vertical,2,Conn_02x24_Odd_Even,
"J2, J4",PinHeader_1x24_P2.54mm_Vertical,2,Conn_01x24,
J5,BarrelJack_Horizontal,1,Barrel_Jack_Switch,
J6,PinHeader_2x01_P2.54mm_Vertical,1,Conn_02x01,
"J7, J8",PinHeader_2x06_P2.54mm_Vertical,2,Conn_02x06_Odd_Even,
J9,PinHeader_2x02_P2.54mm_Vertical,1,Conn_02x02_Odd_Even,
"JP1, JP2",PinHeader_1x03_P2.54mm_Vertical,2,Jumper_3_Open,
R1,1206,1,R,
SW1,SW_Push_THT_7x7x12mm_DPDT,1,SW_Push_DPDT,
U1,SSOP-56_7.5x18.5mm_P0.635mm,1,SN74CBTD16211,
